roundNum,roundName,match_date,start_time,home_team,away_team,home_id,away_id,league_id,match_id,match_url
1,Fecha,2024-08-16,14:00,Manchester United,Fulham,105,120,7,4147020,https://www.365scores.com/es/football/match/premier-league-7/manchester-united-fulham-105-120-7#id=4147020
1,Fecha,2024-08-17,06:30,Ipswich,Liverpool,9,108,7,4147021,https://www.365scores.com/es/football/match/premier-league-7/ipswich-liverpool-9-108-7#id=4147021
1,Fecha,2024-08-17,09:00,Arsenal,Wolves,104,15,7,4147022,https://www.365scores.com/es/football/match/premier-league-7/arsenal-wolves-104-15-7#id=4147022
1,Fecha,2024-08-17,09:00,Everton,Brighton,107,38,7,4147023,https://www.365scores.com/es/football/match/premier-league-7/everton-brighton-107-38-7#id=4147023
1,Fecha,2024-08-17,09:00,Newcastle United,Southampton,116,21,7,4147024,https://www.365scores.com/es/football/match/premier-league-7/newcastle-united-southampton-116-21-7#id=4147024
1,Fecha,2024-08-17,09:00,Nottingham Forest,Bournemouth,29,50,7,4147025,https://www.365scores.com/es/football/match/premier-league-7/nottingham-forest-bournemouth-29-50-7#id=4147025
1,Fecha,2024-08-17,11:30,West Ham United,Aston Villa,113,109,7,4147026,https://www.365scores.com/es/football/match/premier-league-7/west-ham-united-aston-villa-113-109-7#id=4147026
1,Fecha,2024-08-18,08:00,Brentford,Crystal Palace,63,10,7,4147027,https://www.365scores.com/es/football/match/premier-league-7/brentford-crystal-palace-63-10-7#id=4147027
1,Fecha,2024-08-18,10:30,Chelsea,Manchester City,106,110,7,4147028,https://www.365scores.com/es/football/match/premier-league-7/chelsea-manchester-city-106-110-7#id=4147028
1,Fecha,2024-08-19,14:00,Leicester City,Tottenham,22,114,7,4147029,https://www.365scores.com/es/football/match/premier-league-7/leicester-city-tottenham-22-114-7#id=4147029
2,Fecha,2024-08-24,06:30,Brighton,Manchester United,38,105,7,4147032,https://www.365scores.com/es/football/match/premier-league-7/brighton-manchester-united-38-105-7#id=4147032
2,Fecha,2024-08-24,09:00,Crystal Palace,West Ham United,10,113,7,4147033,https://www.365scores.com/es/football/match/premier-league-7/crystal-palace-west-ham-united-10-113-7#id=4147033
2,Fecha,2024-08-24,09:00,Fulham,Leicester City,120,22,7,4147034,https://www.365scores.com/es/football/match/premier-league-7/fulham-leicester-city-120-22-7#id=4147034
2,Fecha,2024-08-24,09:00,Manchester City,Ipswich,110,9,7,4147036,https://www.365scores.com/es/football/match/premier-league-7/manchester-city-ipswich-110-9-7#id=4147036
2,Fecha,2024-08-24,09:00,Southampton,Nottingham Forest,21,29,7,4147037,https://www.365scores.com/es/football/match/premier-league-7/southampton-nottingham-forest-21-29-7#id=4147037
2,Fecha,2024-08-24,09:00,Tottenham,Everton,114,107,7,4147038,https://www.365scores.com/es/football/match/premier-league-7/tottenham-everton-114-107-7#id=4147038
2,Fecha,2024-08-24,11:30,Aston Villa,Arsenal,109,104,7,4147031,https://www.365scores.com/es/football/match/premier-league-7/aston-villa-arsenal-109-104-7#id=4147031
2,Fecha,2024-08-25,08:00,Bournemouth,Newcastle United,50,116,7,4147030,https://www.365scores.com/es/football/match/premier-league-7/bournemouth-newcastle-united-50-116-7#id=4147030
2,Fecha,2024-08-25,08:00,Wolves,Chelsea,15,106,7,4147039,https://www.365scores.com/es/football/match/premier-league-7/wolves-chelsea-15-106-7#id=4147039
2,Fecha,2024-08-25,10:30,Liverpool,Brentford,108,63,7,4147035,https://www.365scores.com/es/football/match/premier-league-7/liverpool-brentford-108-63-7#id=4147035
3,Fecha,2024-08-31,06:30,Arsenal,Brighton,104,38,7,4147040,https://www.365scores.com/es/football/match/premier-league-7/arsenal-brighton-104-38-7#id=4147040
3,Fecha,2024-08-31,09:00,Brentford,Southampton,63,21,7,4147041,https://www.365scores.com/es/football/match/premier-league-7/brentford-southampton-63-21-7#id=4147041
3,Fecha,2024-08-31,09:00,Everton,Bournemouth,107,50,7,4147043,https://www.365scores.com/es/football/match/premier-league-7/everton-bournemouth-107-50-7#id=4147043
3,Fecha,2024-08-31,09:00,Ipswich,Fulham,9,120,7,4147044,https://www.365scores.com/es/football/match/premier-league-7/ipswich-fulham-9-120-7#id=4147044
3,Fecha,2024-08-31,09:00,Leicester City,Aston Villa,22,109,7,4147045,https://www.365scores.com/es/football/match/premier-league-7/leicester-city-aston-villa-22-109-7#id=4147045
3,Fecha,2024-08-31,09:00,Nottingham Forest,Wolves,29,15,7,4147048,https://www.365scores.com/es/football/match/premier-league-7/nottingham-forest-wolves-29-15-7#id=4147048
3,Fecha,2024-08-31,11:30,West Ham United,Manchester City,113,110,7,4147049,https://www.365scores.com/es/football/match/premier-league-7/west-ham-united-manchester-city-113-110-7#id=4147049
3,Fecha,2024-09-01,07:30,Chelsea,Crystal Palace,106,10,7,4147042,https://www.365scores.com/es/football/match/premier-league-7/chelsea-crystal-palace-106-10-7#id=4147042
3,Fecha,2024-09-01,07:30,Newcastle United,Tottenham,116,114,7,4147047,https://www.365scores.com/es/football/match/premier-league-7/newcastle-united-tottenham-116-114-7#id=4147047
3,Fecha,2024-09-01,10:00,Manchester United,Liverpool,105,108,7,4147046,https://www.365scores.com/es/football/match/premier-league-7/manchester-united-liverpool-105-108-7#id=4147046
4,Fecha,2024-09-14,06:30,Southampton,Manchester United,21,105,7,4147057,https://www.365scores.com/es/football/match/premier-league-7/southampton-manchester-united-21-105-7#id=4147057
4,Fecha,2024-09-14,09:00,Fulham,West Ham United,120,113,7,4147052,https://www.365scores.com/es/football/match/premier-league-7/fulham-west-ham-united-120-113-7#id=4147052
4,Fecha,2024-09-14,09:00,Crystal Palace,Leicester City,10,22,7,4147053,https://www.365scores.com/es/football/match/premier-league-7/crystal-palace-leicester-city-10-22-7#id=4147053
4,Fecha,2024-09-14,09:00,Brighton,Ipswich,38,9,7,4147054,https://www.365scores.com/es/football/match/premier-league-7/brighton-ipswich-38-9-7#id=4147054
4,Fecha,2024-09-14,09:00,Liverpool,Nottingham Forest,108,29,7,4147055,https://www.365scores.com/es/football/match/premier-league-7/liverpool-nottingham-forest-108-29-7#id=4147055
4,Fecha,2024-09-14,09:00,Manchester City,Brentford,110,63,7,4147056,https://www.365scores.com/es/football/match/premier-league-7/manchester-city-brentford-110-63-7#id=4147056
4,Fecha,2024-09-14,11:30,Aston Villa,Everton,109,107,7,4147050,https://www.365scores.com/es/football/match/premier-league-7/aston-villa-everton-109-107-7#id=4147050
4,Fecha,2024-09-14,14:00,Bournemouth,Chelsea,50,106,7,4147051,https://www.365scores.com/es/football/match/premier-league-7/bournemouth-chelsea-50-106-7#id=4147051
4,Fecha,2024-09-15,08:00,Tottenham,Arsenal,114,104,7,4147058,https://www.365scores.com/es/football/match/premier-league-7/tottenham-arsenal-114-104-7#id=4147058
4,Fecha,2024-09-15,10:30,Wolves,Newcastle United,15,116,7,4147059,https://www.365scores.com/es/football/match/premier-league-7/wolves-newcastle-united-15-116-7#id=4147059
5,Fecha,2024-09-21,06:30,West Ham United,Chelsea,113,106,7,4147069,https://www.365scores.com/es/football/match/premier-league-7/west-ham-united-chelsea-113-106-7#id=4147069
5,Fecha,2024-09-21,09:00,Aston Villa,Wolves,109,15,7,4147060,https://www.365scores.com/es/football/match/premier-league-7/aston-villa-wolves-109-15-7#id=4147060
5,Fecha,2024-09-21,09:00,Fulham,Newcastle United,120,116,7,4147063,https://www.365scores.com/es/football/match/premier-league-7/fulham-newcastle-united-120-116-7#id=4147063
5,Fecha,2024-09-21,09:00,Leicester City,Everton,22,107,7,4147064,https://www.365scores.com/es/football/match/premier-league-7/leicester-city-everton-22-107-7#id=4147064
5,Fecha,2024-09-21,09:00,Liverpool,Bournemouth,108,50,7,4147065,https://www.365scores.com/es/football/match/premier-league-7/liverpool-bournemouth-108-50-7#id=4147065
5,Fecha,2024-09-21,09:00,Southampton,Ipswich,21,9,7,4147067,https://www.365scores.com/es/football/match/premier-league-7/southampton-ipswich-21-9-7#id=4147067
5,Fecha,2024-09-21,09:00,Tottenham,Brentford,114,63,7,4147068,https://www.365scores.com/es/football/match/premier-league-7/tottenham-brentford-114-63-7#id=4147068
5,Fecha,2024-09-21,11:30,Crystal Palace,Manchester United,10,105,7,4147062,https://www.365scores.com/es/football/match/premier-league-7/crystal-palace-manchester-united-10-105-7#id=4147062
5,Fecha,2024-09-22,08:00,Brighton,Nottingham Forest,38,29,7,4147061,https://www.365scores.com/es/football/match/premier-league-7/brighton-nottingham-forest-38-29-7#id=4147061
5,Fecha,2024-09-22,10:30,Manchester City,Arsenal,110,104,7,4147066,https://www.365scores.com/es/football/match/premier-league-7/manchester-city-arsenal-110-104-7#id=4147066
6,Fecha,2024-09-28,06:30,Newcastle United,Manchester City,116,110,7,4147078,https://www.365scores.com/es/football/match/premier-league-7/newcastle-united-manchester-city-116-110-7#id=4147078
6,Fecha,2024-09-28,09:00,Chelsea,Brighton,106,38,7,4147071,https://www.365scores.com/es/football/match/premier-league-7/chelsea-brighton-106-38-7#id=4147071
6,Fecha,2024-09-28,09:00,Brentford,West Ham United,63,113,7,4147072,https://www.365scores.com/es/football/match/premier-league-7/brentford-west-ham-united-63-113-7#id=4147072
6,Fecha,2024-09-28,09:00,Arsenal,Leicester City,104,22,7,4147073,https://www.365scores.com/es/football/match/premier-league-7/arsenal-leicester-city-104-22-7#id=4147073
6,Fecha,2024-09-28,09:00,Everton,Crystal Palace,107,10,7,4147074,https://www.365scores.com/es/football/match/premier-league-7/everton-crystal-palace-107-10-7#id=4147074
6,Fecha,2024-09-28,09:00,Nottingham Forest,Fulham,29,120,7,4147077,https://www.365scores.com/es/football/match/premier-league-7/nottingham-forest-fulham-29-120-7#id=4147077
6,Fecha,2024-09-28,11:30,Wolves,Liverpool,15,108,7,4147079,https://www.365scores.com/es/football/match/premier-league-7/wolves-liverpool-15-108-7#id=4147079
6,Fecha,2024-09-29,08:00,Ipswich,Aston Villa,9,109,7,4147076,https://www.365scores.com/es/football/match/premier-league-7/ipswich-aston-villa-9-109-7#id=4147076
6,Fecha,2024-09-29,10:30,Manchester United,Tottenham,105,114,7,4147075,https://www.365scores.com/es/football/match/premier-league-7/manchester-united-tottenham-105-114-7#id=4147075
6,Fecha,2024-09-30,14:00,Bournemouth,Southampton,50,21,7,4147070,https://www.365scores.com/es/football/match/premier-league-7/bournemouth-southampton-50-21-7#id=4147070
7,Fecha,2024-10-05,06:30,Crystal Palace,Liverpool,10,108,7,4147085,https://www.365scores.com/es/football/match/premier-league-7/crystal-palace-liverpool-10-108-7#id=4147085
7,Fecha,2024-10-05,09:00,Arsenal,Southampton,104,21,7,4147080,https://www.365scores.com/es/football/match/premier-league-7/arsenal-southampton-104-21-7#id=4147080
7,Fecha,2024-10-05,09:00,Brentford,Wolves,63,15,7,4147082,https://www.365scores.com/es/football/match/premier-league-7/brentford-wolves-63-15-7#id=4147082
7,Fecha,2024-10-05,09:00,Leicester City,Bournemouth,22,50,7,4147087,https://www.365scores.com/es/football/match/premier-league-7/leicester-city-bournemouth-22-50-7#id=4147087
7,Fecha,2024-10-05,09:00,Manchester City,Fulham,110,120,7,4147088,https://www.365scores.com/es/football/match/premier-league-7/manchester-city-fulham-110-120-7#id=4147088
7,Fecha,2024-10-05,09:00,West Ham United,Ipswich,113,9,7,4147089,https://www.365scores.com/es/football/match/premier-league-7/west-ham-united-ipswich-113-9-7#id=4147089
7,Fecha,2024-10-05,11:30,Everton,Newcastle United,107,116,7,4147086,https://www.365scores.com/es/football/match/premier-league-7/everton-newcastle-united-107-116-7#id=4147086
7,Fecha,2024-10-06,08:00,Aston Villa,Manchester United,109,105,7,4147081,https://www.365scores.com/es/football/match/premier-league-7/aston-villa-manchester-united-109-105-7#id=4147081
7,Fecha,2024-10-06,08:00,Chelsea,Nottingham Forest,106,29,7,4147084,https://www.365scores.com/es/football/match/premier-league-7/chelsea-nottingham-forest-106-29-7#id=4147084
7,Fecha,2024-10-06,10:30,Brighton,Tottenham,38,114,7,4147083,https://www.365scores.com/es/football/match/premier-league-7/brighton-tottenham-38-114-7#id=4147083
8,Fecha,2024-10-19,06:30,Tottenham,West Ham United,114,113,7,4147098,https://www.365scores.com/es/football/match/premier-league-7/tottenham-west-ham-united-114-113-7#id=4147098
8,Fecha,2024-10-19,09:00,Fulham,Aston Villa,120,109,7,4147092,https://www.365scores.com/es/football/match/premier-league-7/fulham-aston-villa-120-109-7#id=4147092
8,Fecha,2024-10-19,09:00,Manchester United,Brentford,105,63,7,4147094,https://www.365scores.com/es/football/match/premier-league-7/manchester-united-brentford-105-63-7#id=4147094
8,Fecha,2024-10-19,09:00,Newcastle United,Brighton,116,38,7,4147095,https://www.365scores.com/es/football/match/premier-league-7/newcastle-united-brighton-116-38-7#id=4147095
8,Fecha,2024-10-19,09:00,Southampton,Leicester City,21,22,7,4147096,https://www.365scores.com/es/football/match/premier-league-7/southampton-leicester-city-21-22-7#id=4147096
8,Fecha,2024-10-19,09:15,Ipswich,Everton,9,107,7,4147091,https://www.365scores.com/es/football/match/premier-league-7/ipswich-everton-9-107-7#id=4147091
8,Fecha,2024-10-19,11:30,Bournemouth,Arsenal,50,104,7,4147090,https://www.365scores.com/es/football/match/premier-league-7/bournemouth-arsenal-50-104-7#id=4147090
8,Fecha,2024-10-20,08:00,Wolves,Manchester City,15,110,7,4147099,https://www.365scores.com/es/football/match/premier-league-7/wolves-manchester-city-15-110-7#id=4147099
8,Fecha,2024-10-20,10:30,Liverpool,Chelsea,108,106,7,4147093,https://www.365scores.com/es/football/match/premier-league-7/liverpool-chelsea-108-106-7#id=4147093
8,Fecha,2024-10-21,14:00,Nottingham Forest,Crystal Palace,29,10,7,4147097,https://www.365scores.com/es/football/match/premier-league-7/nottingham-forest-crystal-palace-29-10-7#id=4147097
9,Fecha,2024-10-25,14:00,Leicester City,Nottingham Forest,22,29,7,4147107,https://www.365scores.com/es/football/match/premier-league-7/leicester-city-nottingham-forest-22-29-7#id=4147107
9,Fecha,2024-10-26,09:00,Aston Villa,Bournemouth,109,50,7,4147101,https://www.365scores.com/es/football/match/premier-league-7/aston-villa-bournemouth-109-50-7#id=4147101
9,Fecha,2024-10-26,09:00,Brentford,Ipswich,63,9,7,4147102,https://www.365scores.com/es/football/match/premier-league-7/brentford-ipswich-63-9-7#id=4147102
9,Fecha,2024-10-26,09:00,Brighton,Wolves,38,15,7,4147103,https://www.365scores.com/es/football/match/premier-league-7/brighton-wolves-38-15-7#id=4147103
9,Fecha,2024-10-26,09:00,Manchester City,Southampton,110,21,7,4147108,https://www.365scores.com/es/football/match/premier-league-7/manchester-city-southampton-110-21-7#id=4147108
9,Fecha,2024-10-26,11:30,Everton,Fulham,107,120,7,4147106,https://www.365scores.com/es/football/match/premier-league-7/everton-fulham-107-120-7#id=4147106
9,Fecha,2024-10-27,09:00,Chelsea,Newcastle United,106,116,7,4147104,https://www.365scores.com/es/football/match/premier-league-7/chelsea-newcastle-united-106-116-7#id=4147104
9,Fecha,2024-10-27,09:00,Crystal Palace,Tottenham,10,114,7,4147105,https://www.365scores.com/es/football/match/premier-league-7/crystal-palace-tottenham-10-114-7#id=4147105
9,Fecha,2024-10-27,09:00,West Ham United,Manchester United,113,105,7,4147109,https://www.365scores.com/es/football/match/premier-league-7/west-ham-united-manchester-united-113-105-7#id=4147109
9,Fecha,2024-10-27,11:30,Arsenal,Liverpool,104,108,7,4147100,https://www.365scores.com/es/football/match/premier-league-7/arsenal-liverpool-104-108-7#id=4147100
10,Fecha,2024-11-02,07:30,Newcastle United,Arsenal,116,104,7,4147115,https://www.365scores.com/es/football/match/premier-league-7/newcastle-united-arsenal-116-104-7#id=4147115
10,Fecha,2024-11-02,10:00,Bournemouth,Manchester City,50,110,7,4147110,https://www.365scores.com/es/football/match/premier-league-7/bournemouth-manchester-city-50-110-7#id=4147110
10,Fecha,2024-11-02,10:00,Liverpool,Brighton,108,38,7,4147112,https://www.365scores.com/es/football/match/premier-league-7/liverpool-brighton-108-38-7#id=4147112
10,Fecha,2024-11-02,10:00,Ipswich,Leicester City,9,22,7,4147113,https://www.365scores.com/es/football/match/premier-league-7/ipswich-leicester-city-9-22-7#id=4147113
10,Fecha,2024-11-02,10:00,Nottingham Forest,West Ham United,29,113,7,4147116,https://www.365scores.com/es/football/match/premier-league-7/nottingham-forest-west-ham-united-29-113-7#id=4147116
10,Fecha,2024-11-02,10:00,Southampton,Everton,21,107,7,4147117,https://www.365scores.com/es/football/match/premier-league-7/southampton-everton-21-107-7#id=4147117
10,Fecha,2024-11-02,12:30,Wolves,Crystal Palace,15,10,7,4147119,https://www.365scores.com/es/football/match/premier-league-7/wolves-crystal-palace-15-10-7#id=4147119
10,Fecha,2024-11-03,09:00,Tottenham,Aston Villa,114,109,7,4147118,https://www.365scores.com/es/football/match/premier-league-7/tottenham-aston-villa-114-109-7#id=4147118
10,Fecha,2024-11-03,11:30,Manchester United,Chelsea,105,106,7,4147114,https://www.365scores.com/es/football/match/premier-league-7/manchester-united-chelsea-105-106-7#id=4147114
10,Fecha,2024-11-04,15:00,Fulham,Brentford,120,63,7,4147111,https://www.365scores.com/es/football/match/premier-league-7/fulham-brentford-120-63-7#id=4147111
11,Fecha,2024-11-09,10:00,Brentford,Bournemouth,63,50,7,4147120,https://www.365scores.com/es/football/match/premier-league-7/brentford-bournemouth-63-50-7#id=4147120
11,Fecha,2024-11-09,10:00,Crystal Palace,Fulham,10,120,7,4147123,https://www.365scores.com/es/football/match/premier-league-7/crystal-palace-fulham-10-120-7#id=4147123
11,Fecha,2024-11-09,10:00,West Ham United,Everton,113,107,7,4147128,https://www.365scores.com/es/football/match/premier-league-7/west-ham-united-everton-113-107-7#id=4147128
11,Fecha,2024-11-09,10:00,Wolves,Southampton,15,21,7,4147129,https://www.365scores.com/es/football/match/premier-league-7/wolves-southampton-15-21-7#id=4147129
11,Fecha,2024-11-09,12:30,Brighton,Manchester City,38,110,7,4147121,https://www.365scores.com/es/football/match/premier-league-7/brighton-manchester-city-38-110-7#id=4147121
11,Fecha,2024-11-09,15:00,Liverpool,Aston Villa,108,109,7,4147124,https://www.365scores.com/es/football/match/premier-league-7/liverpool-aston-villa-108-109-7#id=4147124
11,Fecha,2024-11-10,09:00,Manchester United,Leicester City,105,22,7,4147125,https://www.365scores.com/es/football/match/premier-league-7/manchester-united-leicester-city-105-22-7#id=4147125
11,Fecha,2024-11-10,09:00,Nottingham Forest,Newcastle United,29,116,7,4147126,https://www.365scores.com/es/football/match/premier-league-7/nottingham-forest-newcastle-united-29-116-7#id=4147126
11,Fecha,2024-11-10,09:00,Tottenham,Ipswich,114,9,7,4147127,https://www.365scores.com/es/football/match/premier-league-7/tottenham-ipswich-114-9-7#id=4147127
11,Fecha,2024-11-10,11:30,Chelsea,Arsenal,106,104,7,4147122,https://www.365scores.com/es/football/match/premier-league-7/chelsea-arsenal-106-104-7#id=4147122
12,Fecha,2024-11-23,07:30,Leicester City,Chelsea,22,106,7,4147135,https://www.365scores.com/es/football/match/premier-league-7/leicester-city-chelsea-22-106-7#id=4147135
12,Fecha,2024-11-23,10:00,Bournemouth,Brighton,50,38,7,4147130,https://www.365scores.com/es/football/match/premier-league-7/bournemouth-brighton-50-38-7#id=4147130
12,Fecha,2024-11-23,10:00,Arsenal,Nottingham Forest,104,29,7,4147131,https://www.365scores.com/es/football/match/premier-league-7/arsenal-nottingham-forest-104-29-7#id=4147131
12,Fecha,2024-11-23,10:00,Aston Villa,Crystal Palace,109,10,7,4147132,https://www.365scores.com/es/football/match/premier-league-7/aston-villa-crystal-palace-109-10-7#id=4147132
12,Fecha,2024-11-23,10:00,Everton,Brentford,107,63,7,4147133,https://www.365scores.com/es/football/match/premier-league-7/everton-brentford-107-63-7#id=4147133
12,Fecha,2024-11-23,10:00,Fulham,Wolves,120,15,7,4147134,https://www.365scores.com/es/football/match/premier-league-7/fulham-wolves-120-15-7#id=4147134
12,Fecha,2024-11-23,12:30,Manchester City,Tottenham,110,114,7,4147136,https://www.365scores.com/es/football/match/premier-league-7/manchester-city-tottenham-110-114-7#id=4147136
12,Fecha,2024-11-24,09:00,Southampton,Liverpool,21,108,7,4147139,https://www.365scores.com/es/football/match/premier-league-7/southampton-liverpool-21-108-7#id=4147139
12,Fecha,2024-11-24,11:30,Ipswich,Manchester United,9,105,7,4147137,https://www.365scores.com/es/football/match/premier-league-7/ipswich-manchester-united-9-105-7#id=4147137
12,Fecha,2024-11-25,15:00,Newcastle United,West Ham United,116,113,7,4147138,https://www.365scores.com/es/football/match/premier-league-7/newcastle-united-west-ham-united-116-113-7#id=4147138
13,Fecha,2024-11-29,15:00,Brighton,Southampton,38,21,7,4147141,https://www.365scores.com/es/football/match/premier-league-7/brighton-southampton-38-21-7#id=4147141
13,Fecha,2024-11-30,10:00,Brentford,Leicester City,63,22,7,4147140,https://www.365scores.com/es/football/match/premier-league-7/brentford-leicester-city-63-22-7#id=4147140
13,Fecha,2024-11-30,10:00,Crystal Palace,Newcastle United,10,116,7,4147143,https://www.365scores.com/es/football/match/premier-league-7/crystal-palace-newcastle-united-10-116-7#id=4147143
13,Fecha,2024-11-30,10:00,Nottingham Forest,Ipswich,29,9,7,4147146,https://www.365scores.com/es/football/match/premier-league-7/nottingham-forest-ipswich-29-9-7#id=4147146
13,Fecha,2024-11-30,10:00,Wolves,Bournemouth,15,50,7,4147149,https://www.365scores.com/es/football/match/premier-league-7/wolves-bournemouth-15-50-7#id=4147149
13,Fecha,2024-11-30,12:30,West Ham United,Arsenal,113,104,7,4147148,https://www.365scores.com/es/football/match/premier-league-7/west-ham-united-arsenal-113-104-7#id=4147148
13,Fecha,2024-12-01,08:30,Chelsea,Aston Villa,106,109,7,4147142,https://www.365scores.com/es/football/match/premier-league-7/chelsea-aston-villa-106-109-7#id=4147142
13,Fecha,2024-12-01,08:30,Manchester United,Everton,105,107,7,4147145,https://www.365scores.com/es/football/match/premier-league-7/manchester-united-everton-105-107-7#id=4147145
13,Fecha,2024-12-01,08:30,Tottenham,Fulham,114,120,7,4147147,https://www.365scores.com/es/football/match/premier-league-7/tottenham-fulham-114-120-7#id=4147147
13,Fecha,2024-12-01,11:00,Liverpool,Manchester City,108,110,7,4147144,https://www.365scores.com/es/football/match/premier-league-7/liverpool-manchester-city-108-110-7#id=4147144
14,Fecha,2024-12-03,14:30,Ipswich,Crystal Palace,9,10,7,4147155,https://www.365scores.com/es/football/match/premier-league-7/ipswich-crystal-palace-9-10-7#id=4147155
14,Fecha,2024-12-03,15:15,Leicester City,West Ham United,22,113,7,4147156,https://www.365scores.com/es/football/match/premier-league-7/leicester-city-west-ham-united-22-113-7#id=4147156
14,Fecha,2024-12-04,14:30,Everton,Wolves,107,15,7,4147153,https://www.365scores.com/es/football/match/premier-league-7/everton-wolves-107-15-7#id=4147153
14,Fecha,2024-12-04,14:30,Manchester City,Nottingham Forest,110,29,7,4147157,https://www.365scores.com/es/football/match/premier-league-7/manchester-city-nottingham-forest-110-29-7#id=4147157
14,Fecha,2024-12-04,14:30,Newcastle United,Liverpool,116,108,7,4147158,https://www.365scores.com/es/football/match/premier-league-7/newcastle-united-liverpool-116-108-7#id=4147158
14,Fecha,2024-12-04,14:30,Southampton,Chelsea,21,106,7,4147159,https://www.365scores.com/es/football/match/premier-league-7/southampton-chelsea-21-106-7#id=4147159
14,Fecha,2024-12-04,15:15,Aston Villa,Brentford,109,63,7,4147151,https://www.365scores.com/es/football/match/premier-league-7/aston-villa-brentford-109-63-7#id=4147151
14,Fecha,2024-12-04,15:15,Arsenal,Manchester United,104,105,7,4147152,https://www.365scores.com/es/football/match/premier-league-7/arsenal-manchester-united-104-105-7#id=4147152
14,Fecha,2024-12-05,14:30,Fulham,Brighton,120,38,7,4147154,https://www.365scores.com/es/football/match/premier-league-7/fulham-brighton-120-38-7#id=4147154
14,Fecha,2024-12-05,15:15,Bournemouth,Tottenham,50,114,7,4147150,https://www.365scores.com/es/football/match/premier-league-7/bournemouth-tottenham-50-114-7#id=4147150
15,Fecha,2024-12-07,10:00,Aston Villa,Southampton,109,21,7,4147160,https://www.365scores.com/es/football/match/premier-league-7/aston-villa-southampton-109-21-7#id=4147160
15,Fecha,2024-12-07,10:00,Brentford,Newcastle United,63,116,7,4147161,https://www.365scores.com/es/football/match/premier-league-7/brentford-newcastle-united-63-116-7#id=4147161
15,Fecha,2024-12-07,10:00,Crystal Palace,Manchester City,10,110,7,4147162,https://www.365scores.com/es/football/match/premier-league-7/crystal-palace-manchester-city-10-110-7#id=4147162
15,Fecha,2024-12-07,12:30,Manchester United,Nottingham Forest,105,29,7,4147167,https://www.365scores.com/es/football/match/premier-league-7/manchester-united-nottingham-forest-105-29-7#id=4147167
15,Fecha,2024-12-08,09:00,Fulham,Arsenal,120,104,7,4147164,https://www.365scores.com/es/football/match/premier-league-7/fulham-arsenal-120-104-7#id=4147164
15,Fecha,2024-12-08,09:00,Ipswich,Bournemouth,9,50,7,4147165,https://www.365scores.com/es/football/match/premier-league-7/ipswich-bournemouth-9-50-7#id=4147165
15,Fecha,2024-12-08,09:00,Leicester City,Brighton,22,38,7,4147166,https://www.365scores.com/es/football/match/premier-league-7/leicester-city-brighton-22-38-7#id=4147166
15,Fecha,2024-12-08,11:30,Tottenham,Chelsea,114,106,7,4147168,https://www.365scores.com/es/football/match/premier-league-7/tottenham-chelsea-114-106-7#id=4147168
15,Fecha,2024-12-09,15:00,West Ham United,Wolves,113,15,7,4147169,https://www.365scores.com/es/football/match/premier-league-7/west-ham-united-wolves-113-15-7#id=4147169
15,Fecha,2025-02-12,14:30,Everton,Liverpool,107,108,7,4147163,https://www.365scores.com/es/football/match/premier-league-7/everton-liverpool-107-108-7#id=4147163
16,Fecha,2024-12-14,10:00,Arsenal,Everton,104,107,7,4147171,https://www.365scores.com/es/football/match/premier-league-7/arsenal-everton-104-107-7#id=4147171
16,Fecha,2024-12-14,10:00,Liverpool,Fulham,108,120,7,4147174,https://www.365scores.com/es/football/match/premier-league-7/liverpool-fulham-108-120-7#id=4147174
16,Fecha,2024-12-14,10:00,Newcastle United,Leicester City,116,22,7,4147176,https://www.365scores.com/es/football/match/premier-league-7/newcastle-united-leicester-city-116-22-7#id=4147176
16,Fecha,2024-12-14,10:00,Wolves,Ipswich,15,9,7,4147179,https://www.365scores.com/es/football/match/premier-league-7/wolves-ipswich-15-9-7#id=4147179
16,Fecha,2024-12-14,12:30,Nottingham Forest,Aston Villa,29,109,7,4147177,https://www.365scores.com/es/football/match/premier-league-7/nottingham-forest-aston-villa-29-109-7#id=4147177
16,Fecha,2024-12-15,09:00,Brighton,Crystal Palace,38,10,7,4147172,https://www.365scores.com/es/football/match/premier-league-7/brighton-crystal-palace-38-10-7#id=4147172
16,Fecha,2024-12-15,11:30,Manchester City,Manchester United,110,105,7,4147175,https://www.365scores.com/es/football/match/premier-league-7/manchester-city-manchester-united-110-105-7#id=4147175
16,Fecha,2024-12-15,14:00,Chelsea,Brentford,106,63,7,4147173,https://www.365scores.com/es/football/match/premier-league-7/chelsea-brentford-106-63-7#id=4147173
16,Fecha,2024-12-15,14:00,Southampton,Tottenham,21,114,7,4147178,https://www.365scores.com/es/football/match/premier-league-7/southampton-tottenham-21-114-7#id=4147178
16,Fecha,2024-12-16,15:00,Bournemouth,West Ham United,50,113,7,4147170,https://www.365scores.com/es/football/match/premier-league-7/bournemouth-west-ham-united-50-113-7#id=4147170
17,Fecha,2024-12-21,07:30,Aston Villa,Manchester City,109,110,7,4147180,https://www.365scores.com/es/football/match/premier-league-7/aston-villa-manchester-city-109-110-7#id=4147180
17,Fecha,2024-12-21,10:00,Brentford,Nottingham Forest,63,29,7,4147181,https://www.365scores.com/es/football/match/premier-league-7/brentford-nottingham-forest-63-29-7#id=4147181
17,Fecha,2024-12-21,10:00,Ipswich,Newcastle United,9,116,7,4147185,https://www.365scores.com/es/football/match/premier-league-7/ipswich-newcastle-united-9-116-7#id=4147185
17,Fecha,2024-12-21,10:00,West Ham United,Brighton,113,38,7,4147189,https://www.365scores.com/es/football/match/premier-league-7/west-ham-united-brighton-113-38-7#id=4147189
17,Fecha,2024-12-21,12:30,Crystal Palace,Arsenal,10,104,7,4147182,https://www.365scores.com/es/football/match/premier-league-7/crystal-palace-arsenal-10-104-7#id=4147182
17,Fecha,2024-12-22,09:00,Everton,Chelsea,107,106,7,4147183,https://www.365scores.com/es/football/match/premier-league-7/everton-chelsea-107-106-7#id=4147183
17,Fecha,2024-12-22,09:00,Fulham,Southampton,120,21,7,4147184,https://www.365scores.com/es/football/match/premier-league-7/fulham-southampton-120-21-7#id=4147184
17,Fecha,2024-12-22,09:00,Leicester City,Wolves,22,15,7,4147186,https://www.365scores.com/es/football/match/premier-league-7/leicester-city-wolves-22-15-7#id=4147186
17,Fecha,2024-12-22,09:00,Manchester United,Bournemouth,105,50,7,4147187,https://www.365scores.com/es/football/match/premier-league-7/manchester-united-bournemouth-105-50-7#id=4147187
17,Fecha,2024-12-22,11:30,Tottenham,Liverpool,114,108,7,4147188,https://www.365scores.com/es/football/match/premier-league-7/tottenham-liverpool-114-108-7#id=4147188
18,Fecha,2024-12-26,07:30,Manchester City,Everton,110,107,7,4147195,https://www.365scores.com/es/football/match/premier-league-7/manchester-city-everton-110-107-7#id=4147195
18,Fecha,2024-12-26,10:00,Bournemouth,Crystal Palace,50,10,7,4147190,https://www.365scores.com/es/football/match/premier-league-7/bournemouth-crystal-palace-50-10-7#id=4147190
18,Fecha,2024-12-26,10:00,Chelsea,Fulham,106,120,7,4147193,https://www.365scores.com/es/football/match/premier-league-7/chelsea-fulham-106-120-7#id=4147193
18,Fecha,2024-12-26,10:00,Newcastle United,Aston Villa,116,109,7,4147196,https://www.365scores.com/es/football/match/premier-league-7/newcastle-united-aston-villa-116-109-7#id=4147196
18,Fecha,2024-12-26,10:00,Nottingham Forest,Tottenham,29,114,7,4147197,https://www.365scores.com/es/football/match/premier-league-7/nottingham-forest-tottenham-29-114-7#id=4147197
18,Fecha,2024-12-26,10:00,Southampton,West Ham United,21,113,7,4147198,https://www.365scores.com/es/football/match/premier-league-7/southampton-west-ham-united-21-113-7#id=4147198
18,Fecha,2024-12-26,12:30,Wolves,Manchester United,15,105,7,4147199,https://www.365scores.com/es/football/match/premier-league-7/wolves-manchester-united-15-105-7#id=4147199
18,Fecha,2024-12-26,15:00,Liverpool,Leicester City,108,22,7,4147194,https://www.365scores.com/es/football/match/premier-league-7/liverpool-leicester-city-108-22-7#id=4147194
18,Fecha,2024-12-27,14:30,Brighton,Brentford,38,63,7,4147192,https://www.365scores.com/es/football/match/premier-league-7/brighton-brentford-38-63-7#id=4147192
18,Fecha,2024-12-27,15:15,Arsenal,Ipswich,104,9,7,4147191,https://www.365scores.com/es/football/match/premier-league-7/arsenal-ipswich-104-9-7#id=4147191
19,Fecha,2024-12-29,09:30,Leicester City,Manchester City,22,110,7,4147206,https://www.365scores.com/es/football/match/premier-league-7/leicester-city-manchester-city-22-110-7#id=4147206
19,Fecha,2024-12-29,10:00,Crystal Palace,Southampton,10,21,7,4147202,https://www.365scores.com/es/football/match/premier-league-7/crystal-palace-southampton-10-21-7#id=4147202
19,Fecha,2024-12-29,10:00,Everton,Nottingham Forest,107,29,7,4147203,https://www.365scores.com/es/football/match/premier-league-7/everton-nottingham-forest-107-29-7#id=4147203
19,Fecha,2024-12-29,10:00,Fulham,Bournemouth,120,50,7,4147204,https://www.365scores.com/es/football/match/premier-league-7/fulham-bournemouth-120-50-7#id=4147204
19,Fecha,2024-12-29,10:00,Tottenham,Wolves,114,15,7,4147208,https://www.365scores.com/es/football/match/premier-league-7/tottenham-wolves-114-15-7#id=4147208
19,Fecha,2024-12-29,12:15,West Ham United,Liverpool,113,108,7,4147209,https://www.365scores.com/es/football/match/premier-league-7/west-ham-united-liverpool-113-108-7#id=4147209
19,Fecha,2024-12-30,14:45,Aston Villa,Brighton,109,38,7,4147200,https://www.365scores.com/es/football/match/premier-league-7/aston-villa-brighton-109-38-7#id=4147200
19,Fecha,2024-12-30,14:45,Ipswich,Chelsea,9,106,7,4147205,https://www.365scores.com/es/football/match/premier-league-7/ipswich-chelsea-9-106-7#id=4147205
19,Fecha,2024-12-30,15:00,Manchester United,Newcastle United,105,116,7,4147207,https://www.365scores.com/es/football/match/premier-league-7/manchester-united-newcastle-united-105-116-7#id=4147207
19,Fecha,2025-01-01,12:30,Brentford,Arsenal,63,104,7,4147201,https://www.365scores.com/es/football/match/premier-league-7/brentford-arsenal-63-104-7#id=4147201
20,Fecha,2025-01-04,07:30,Tottenham,Newcastle United,114,116,7,4147218,https://www.365scores.com/es/football/match/premier-league-7/tottenham-newcastle-united-114-116-7#id=4147218
20,Fecha,2025-01-04,10:00,Bournemouth,Everton,50,107,7,4147210,https://www.365scores.com/es/football/match/premier-league-7/bournemouth-everton-50-107-7#id=4147210
20,Fecha,2025-01-04,10:00,Aston Villa,Leicester City,109,22,7,4147211,https://www.365scores.com/es/football/match/premier-league-7/aston-villa-leicester-city-109-22-7#id=4147211
20,Fecha,2025-01-04,10:00,Crystal Palace,Chelsea,10,106,7,4147213,https://www.365scores.com/es/football/match/premier-league-7/crystal-palace-chelsea-10-106-7#id=4147213
20,Fecha,2025-01-04,10:00,Manchester City,West Ham United,110,113,7,4147216,https://www.365scores.com/es/football/match/premier-league-7/manchester-city-west-ham-united-110-113-7#id=4147216
20,Fecha,2025-01-04,10:00,Southampton,Brentford,21,63,7,4147217,https://www.365scores.com/es/football/match/premier-league-7/southampton-brentford-21-63-7#id=4147217
20,Fecha,2025-01-04,12:30,Brighton,Arsenal,38,104,7,4147212,https://www.365scores.com/es/football/match/premier-league-7/brighton-arsenal-38-104-7#id=4147212
20,Fecha,2025-01-05,09:00,Fulham,Ipswich,120,9,7,4147214,https://www.365scores.com/es/football/match/premier-league-7/fulham-ipswich-120-9-7#id=4147214
20,Fecha,2025-01-05,11:30,Liverpool,Manchester United,108,105,7,4147215,https://www.365scores.com/es/football/match/premier-league-7/liverpool-manchester-united-108-105-7#id=4147215
20,Fecha,2025-01-06,15:00,Wolves,Nottingham Forest,15,29,7,4147219,https://www.365scores.com/es/football/match/premier-league-7/wolves-nottingham-forest-15-29-7#id=4147219
21,Fecha,2025-01-14,14:30,Brentford,Manchester City,63,110,7,4147221,https://www.365scores.com/es/football/match/premier-league-7/brentford-manchester-city-63-110-7#id=4147221
21,Fecha,2025-01-14,14:30,West Ham United,Fulham,113,120,7,4147226,https://www.365scores.com/es/football/match/premier-league-7/west-ham-united-fulham-113-120-7#id=4147226
21,Fecha,2025-01-14,14:30,Chelsea,Bournemouth,106,50,7,4147227,https://www.365scores.com/es/football/match/premier-league-7/chelsea-bournemouth-106-50-7#id=4147227
21,Fecha,2025-01-14,15:00,Nottingham Forest,Liverpool,29,108,7,4147225,https://www.365scores.com/es/football/match/premier-league-7/nottingham-forest-liverpool-29-108-7#id=4147225
21,Fecha,2025-01-15,14:30,Everton,Aston Villa,107,109,7,4147222,https://www.365scores.com/es/football/match/premier-league-7/everton-aston-villa-107-109-7#id=4147222
21,Fecha,2025-01-15,14:30,Leicester City,Crystal Palace,22,10,7,4147224,https://www.365scores.com/es/football/match/premier-league-7/leicester-city-crystal-palace-22-10-7#id=4147224
21,Fecha,2025-01-15,14:30,Newcastle United,Wolves,116,15,7,4147229,https://www.365scores.com/es/football/match/premier-league-7/newcastle-united-wolves-116-15-7#id=4147229
21,Fecha,2025-01-15,15:00,Arsenal,Tottenham,104,114,7,4147220,https://www.365scores.com/es/football/match/premier-league-7/arsenal-tottenham-104-114-7#id=4147220
21,Fecha,2025-01-16,14:30,Ipswich,Brighton,9,38,7,4147223,https://www.365scores.com/es/football/match/premier-league-7/ipswich-brighton-9-38-7#id=4147223
21,Fecha,2025-01-16,15:00,Manchester United,Southampton,105,21,7,4147228,https://www.365scores.com/es/football/match/premier-league-7/manchester-united-southampton-105-21-7#id=4147228
22,Fecha,2025-01-18,07:30,Newcastle United,Bournemouth,116,50,7,4147237,https://www.365scores.com/es/football/match/premier-league-7/newcastle-united-bournemouth-116-50-7#id=4147237
22,Fecha,2025-01-18,10:00,Brentford,Liverpool,63,108,7,4147231,https://www.365scores.com/es/football/match/premier-league-7/brentford-liverpool-63-108-7#id=4147231
22,Fecha,2025-01-18,10:00,Leicester City,Fulham,22,120,7,4147235,https://www.365scores.com/es/football/match/premier-league-7/leicester-city-fulham-22-120-7#id=4147235
22,Fecha,2025-01-18,10:00,West Ham United,Crystal Palace,113,10,7,4147241,https://www.365scores.com/es/football/match/premier-league-7/west-ham-united-crystal-palace-113-10-7#id=4147241
22,Fecha,2025-01-18,12:30,Arsenal,Aston Villa,104,109,7,4147230,https://www.365scores.com/es/football/match/premier-league-7/arsenal-aston-villa-104-109-7#id=4147230
22,Fecha,2025-01-19,09:00,Everton,Tottenham,107,114,7,4147233,https://www.365scores.com/es/football/match/premier-league-7/everton-tottenham-107-114-7#id=4147233
22,Fecha,2025-01-19,09:00,Manchester United,Brighton,105,38,7,4147236,https://www.365scores.com/es/football/match/premier-league-7/manchester-united-brighton-105-38-7#id=4147236
22,Fecha,2025-01-19,09:00,Nottingham Forest,Southampton,29,21,7,4147238,https://www.365scores.com/es/football/match/premier-league-7/nottingham-forest-southampton-29-21-7#id=4147238
22,Fecha,2025-01-19,11:30,Ipswich,Manchester City,9,110,7,4147234,https://www.365scores.com/es/football/match/premier-league-7/ipswich-manchester-city-9-110-7#id=4147234
22,Fecha,2025-01-20,15:00,Chelsea,Wolves,106,15,7,4147232,https://www.365scores.com/es/football/match/premier-league-7/chelsea-wolves-106-15-7#id=4147232
23,Fecha,2025-01-25,10:00,Bournemouth,Nottingham Forest,50,29,7,4147239,https://www.365scores.com/es/football/match/premier-league-7/bournemouth-nottingham-forest-50-29-7#id=4147239
23,Fecha,2025-01-25,10:00,Brighton,Everton,38,107,7,4147242,https://www.365scores.com/es/football/match/premier-league-7/brighton-everton-38-107-7#id=4147242
23,Fecha,2025-01-25,10:00,Liverpool,Ipswich,108,9,7,4147245,https://www.365scores.com/es/football/match/premier-league-7/liverpool-ipswich-108-9-7#id=4147245
23,Fecha,2025-01-25,10:00,Southampton,Newcastle United,21,116,7,4147247,https://www.365scores.com/es/football/match/premier-league-7/southampton-newcastle-united-21-116-7#id=4147247
23,Fecha,2025-01-25,10:00,Wolves,Arsenal,15,104,7,4147249,https://www.365scores.com/es/football/match/premier-league-7/wolves-arsenal-15-104-7#id=4147249
23,Fecha,2025-01-25,12:30,Manchester City,Chelsea,110,106,7,4147246,https://www.365scores.com/es/football/match/premier-league-7/manchester-city-chelsea-110-106-7#id=4147246
23,Fecha,2025-01-26,09:00,Crystal Palace,Brentford,10,63,7,4147243,https://www.365scores.com/es/football/match/premier-league-7/crystal-palace-brentford-10-63-7#id=4147243
23,Fecha,2025-01-26,09:00,Tottenham,Leicester City,114,22,7,4147248,https://www.365scores.com/es/football/match/premier-league-7/tottenham-leicester-city-114-22-7#id=4147248
23,Fecha,2025-01-26,11:30,Aston Villa,West Ham United,109,113,7,4147240,https://www.365scores.com/es/football/match/premier-league-7/aston-villa-west-ham-united-109-113-7#id=4147240
23,Fecha,2025-01-26,14:00,Fulham,Manchester United,120,105,7,4147244,https://www.365scores.com/es/football/match/premier-league-7/fulham-manchester-united-120-105-7#id=4147244
24,Fecha,2025-02-01,07:30,Nottingham Forest,Brighton,29,38,7,4147258,https://www.365scores.com/es/football/match/premier-league-7/nottingham-forest-brighton-29-38-7#id=4147258
24,Fecha,2025-02-01,10:00,Bournemouth,Liverpool,50,108,7,4147250,https://www.365scores.com/es/football/match/premier-league-7/bournemouth-liverpool-50-108-7#id=4147250
24,Fecha,2025-02-01,10:00,Everton,Leicester City,107,22,7,4147254,https://www.365scores.com/es/football/match/premier-league-7/everton-leicester-city-107-22-7#id=4147254
24,Fecha,2025-02-01,10:00,Ipswich,Southampton,9,21,7,4147255,https://www.365scores.com/es/football/match/premier-league-7/ipswich-southampton-9-21-7#id=4147255
24,Fecha,2025-02-01,10:00,Newcastle United,Fulham,116,120,7,4147257,https://www.365scores.com/es/football/match/premier-league-7/newcastle-united-fulham-116-120-7#id=4147257
24,Fecha,2025-02-01,12:30,Wolves,Aston Villa,15,109,7,4147259,https://www.365scores.com/es/football/match/premier-league-7/wolves-aston-villa-15-109-7#id=4147259
24,Fecha,2025-02-02,09:00,Brentford,Tottenham,63,114,7,4147252,https://www.365scores.com/es/football/match/premier-league-7/brentford-tottenham-63-114-7#id=4147252
24,Fecha,2025-02-02,09:00,Manchester United,Crystal Palace,105,10,7,4147256,https://www.365scores.com/es/football/match/premier-league-7/manchester-united-crystal-palace-105-10-7#id=4147256
24,Fecha,2025-02-02,11:30,Arsenal,Manchester City,104,110,7,4147251,https://www.365scores.com/es/football/match/premier-league-7/arsenal-manchester-city-104-110-7#id=4147251
24,Fecha,2025-02-03,15:00,Chelsea,West Ham United,106,113,7,4147253,https://www.365scores.com/es/football/match/premier-league-7/chelsea-west-ham-united-106-113-7#id=4147253
25,Fecha,2025-02-14,15:00,Brighton,Chelsea,38,106,7,4147261,https://www.365scores.com/es/football/match/premier-league-7/brighton-chelsea-38-106-7#id=4147261
25,Fecha,2025-02-15,07:30,Leicester City,Arsenal,22,104,7,4147264,https://www.365scores.com/es/football/match/premier-league-7/leicester-city-arsenal-22-104-7#id=4147264
25,Fecha,2025-02-15,10:00,Aston Villa,Ipswich,109,9,7,4147260,https://www.365scores.com/es/football/match/premier-league-7/aston-villa-ipswich-109-9-7#id=4147260
25,Fecha,2025-02-15,10:00,Fulham,Nottingham Forest,120,29,7,4147263,https://www.365scores.com/es/football/match/premier-league-7/fulham-nottingham-forest-120-29-7#id=4147263
25,Fecha,2025-02-15,10:00,Manchester City,Newcastle United,110,116,7,4147266,https://www.365scores.com/es/football/match/premier-league-7/manchester-city-newcastle-united-110-116-7#id=4147266
25,Fecha,2025-02-15,10:00,Southampton,Bournemouth,21,50,7,4147268,https://www.365scores.com/es/football/match/premier-league-7/southampton-bournemouth-21-50-7#id=4147268
25,Fecha,2025-02-15,10:00,West Ham United,Brentford,113,63,7,4147269,https://www.365scores.com/es/football/match/premier-league-7/west-ham-united-brentford-113-63-7#id=4147269
25,Fecha,2025-02-15,12:30,Crystal Palace,Everton,10,107,7,4147262,https://www.365scores.com/es/football/match/premier-league-7/crystal-palace-everton-10-107-7#id=4147262
25,Fecha,2025-02-16,09:00,Liverpool,Wolves,108,15,7,4147265,https://www.365scores.com/es/football/match/premier-league-7/liverpool-wolves-108-15-7#id=4147265
25,Fecha,2025-02-16,11:30,Tottenham,Manchester United,114,105,7,4147267,https://www.365scores.com/es/football/match/premier-league-7/tottenham-manchester-united-114-105-7#id=4147267
26,Fecha,2025-02-21,15:00,Leicester City,Brentford,22,63,7,4147276,https://www.365scores.com/es/football/match/premier-league-7/leicester-city-brentford-22-63-7#id=4147276
26,Fecha,2025-02-22,07:30,Everton,Manchester United,107,105,7,4147273,https://www.365scores.com/es/football/match/premier-league-7/everton-manchester-united-107-105-7#id=4147273
26,Fecha,2025-02-22,10:00,Bournemouth,Wolves,50,15,7,4147270,https://www.365scores.com/es/football/match/premier-league-7/bournemouth-wolves-50-15-7#id=4147270
26,Fecha,2025-02-22,10:00,Arsenal,West Ham United,104,113,7,4147271,https://www.365scores.com/es/football/match/premier-league-7/arsenal-west-ham-united-104-113-7#id=4147271
26,Fecha,2025-02-22,10:00,Fulham,Crystal Palace,120,10,7,4147274,https://www.365scores.com/es/football/match/premier-league-7/fulham-crystal-palace-120-10-7#id=4147274
26,Fecha,2025-02-22,10:00,Ipswich,Tottenham,9,114,7,4147275,https://www.365scores.com/es/football/match/premier-league-7/ipswich-tottenham-9-114-7#id=4147275
26,Fecha,2025-02-22,10:00,Southampton,Brighton,21,38,7,4147278,https://www.365scores.com/es/football/match/premier-league-7/southampton-brighton-21-38-7#id=4147278
26,Fecha,2025-02-22,12:30,Aston Villa,Chelsea,109,106,7,4147272,https://www.365scores.com/es/football/match/premier-league-7/aston-villa-chelsea-109-106-7#id=4147272
26,Fecha,2025-02-23,09:00,Newcastle United,Nottingham Forest,116,29,7,4147280,https://www.365scores.com/es/football/match/premier-league-7/newcastle-united-nottingham-forest-116-29-7#id=4147280
26,Fecha,2025-02-23,11:30,Manchester City,Liverpool,110,108,7,4147277,https://www.365scores.com/es/football/match/premier-league-7/manchester-city-liverpool-110-108-7#id=4147277
27,Fecha,2025-02-25,14:30,Brighton,Bournemouth,38,50,7,4147281,https://www.365scores.com/es/football/match/premier-league-7/brighton-bournemouth-38-50-7#id=4147281
27,Fecha,2025-02-25,14:30,Wolves,Fulham,15,120,7,4147285,https://www.365scores.com/es/football/match/premier-league-7/wolves-fulham-15-120-7#id=4147285
27,Fecha,2025-02-25,14:30,Crystal Palace,Aston Villa,10,109,7,4147286,https://www.365scores.com/es/football/match/premier-league-7/crystal-palace-aston-villa-10-109-7#id=4147286
27,Fecha,2025-02-25,15:15,Chelsea,Southampton,106,21,7,4147287,https://www.365scores.com/es/football/match/premier-league-7/chelsea-southampton-106-21-7#id=4147287
27,Fecha,2025-02-26,14:30,Brentford,Everton,63,107,7,4147279,https://www.365scores.com/es/football/match/premier-league-7/brentford-everton-63-107-7#id=4147279
27,Fecha,2025-02-26,14:30,Nottingham Forest,Arsenal,29,104,7,4147282,https://www.365scores.com/es/football/match/premier-league-7/nottingham-forest-arsenal-29-104-7#id=4147282
27,Fecha,2025-02-26,14:30,Tottenham,Manchester City,114,110,7,4147283,https://www.365scores.com/es/football/match/premier-league-7/tottenham-manchester-city-114-110-7#id=4147283
27,Fecha,2025-02-26,14:30,Manchester United,Ipswich,105,9,7,4147289,https://www.365scores.com/es/football/match/premier-league-7/manchester-united-ipswich-105-9-7#id=4147289
27,Fecha,2025-02-26,15:15,Liverpool,Newcastle United,108,116,7,4147288,https://www.365scores.com/es/football/match/premier-league-7/liverpool-newcastle-united-108-116-7#id=4147288
27,Fecha,2025-02-27,15:00,West Ham United,Leicester City,113,22,7,4147284,https://www.365scores.com/es/football/match/premier-league-7/west-ham-united-leicester-city-113-22-7#id=4147284
28,Fecha,2025-03-08,07:30,Nottingham Forest,Manchester City,29,110,7,4147296,https://www.365scores.com/es/football/match/premier-league-7/nottingham-forest-manchester-city-29-110-7#id=4147296
28,Fecha,2025-03-08,10:00,Brighton,Fulham,38,120,7,4147291,https://www.365scores.com/es/football/match/premier-league-7/brighton-fulham-38-120-7#id=4147291
28,Fecha,2025-03-08,10:00,Crystal Palace,Ipswich,10,9,7,4147293,https://www.365scores.com/es/football/match/premier-league-7/crystal-palace-ipswich-10-9-7#id=4147293
28,Fecha,2025-03-08,10:00,Liverpool,Southampton,108,21,7,4147294,https://www.365scores.com/es/football/match/premier-league-7/liverpool-southampton-108-21-7#id=4147294
28,Fecha,2025-03-08,12:30,Brentford,Aston Villa,63,109,7,4147290,https://www.365scores.com/es/football/match/premier-league-7/brentford-aston-villa-63-109-7#id=4147290
28,Fecha,2025-03-08,15:00,Wolves,Everton,15,107,7,4147299,https://www.365scores.com/es/football/match/premier-league-7/wolves-everton-15-107-7#id=4147299
28,Fecha,2025-03-09,09:00,Chelsea,Leicester City,106,22,7,4147292,https://www.365scores.com/es/football/match/premier-league-7/chelsea-leicester-city-106-22-7#id=4147292
28,Fecha,2025-03-09,09:00,Tottenham,Bournemouth,114,50,7,4147297,https://www.365scores.com/es/football/match/premier-league-7/tottenham-bournemouth-114-50-7#id=4147297
28,Fecha,2025-03-09,11:30,Manchester United,Arsenal,105,104,7,4147295,https://www.365scores.com/es/football/match/premier-league-7/manchester-united-arsenal-105-104-7#id=4147295
28,Fecha,2025-03-10,15:00,West Ham United,Newcastle United,113,116,7,4147298,https://www.365scores.com/es/football/match/premier-league-7/west-ham-united-newcastle-united-113-116-7#id=4147298
29,Fecha,2025-02-19,14:30,Aston Villa,Liverpool,109,108,7,4147302,https://www.365scores.com/es/football/match/premier-league-7/aston-villa-liverpool-109-108-7#id=4147302
29,Fecha,2025-03-15,10:00,Everton,West Ham United,107,113,7,4147303,https://www.365scores.com/es/football/match/premier-league-7/everton-west-ham-united-107-113-7#id=4147303
29,Fecha,2025-03-15,10:00,Ipswich,Nottingham Forest,9,29,7,4147305,https://www.365scores.com/es/football/match/premier-league-7/ipswich-nottingham-forest-9-29-7#id=4147305
29,Fecha,2025-03-15,10:00,Manchester City,Brighton,110,38,7,4147307,https://www.365scores.com/es/football/match/premier-league-7/manchester-city-brighton-110-38-7#id=4147307
29,Fecha,2025-03-15,10:00,Southampton,Wolves,21,15,7,4147309,https://www.365scores.com/es/football/match/premier-league-7/southampton-wolves-21-15-7#id=4147309
29,Fecha,2025-03-15,12:30,Bournemouth,Brentford,50,63,7,4147300,https://www.365scores.com/es/football/match/premier-league-7/bournemouth-brentford-50-63-7#id=4147300
29,Fecha,2025-03-16,08:30,Arsenal,Chelsea,104,106,7,4147301,https://www.365scores.com/es/football/match/premier-league-7/arsenal-chelsea-104-106-7#id=4147301
29,Fecha,2025-03-16,08:30,Fulham,Tottenham,120,114,7,4147304,https://www.365scores.com/es/football/match/premier-league-7/fulham-tottenham-120-114-7#id=4147304
29,Fecha,2025-03-16,14:00,Leicester City,Manchester United,22,105,7,4147306,https://www.365scores.com/es/football/match/premier-league-7/leicester-city-manchester-united-22-105-7#id=4147306
29,Fecha,2025-04-16,13:30,Newcastle United,Crystal Palace,116,10,7,4147308,https://www.365scores.com/es/football/match/premier-league-7/newcastle-united-crystal-palace-116-10-7#id=4147308
30,Fecha,2025-04-01,13:45,Arsenal,Fulham,104,120,7,4147311,https://www.365scores.com/es/football/match/premier-league-7/arsenal-fulham-104-120-7#id=4147311
30,Fecha,2025-04-01,13:45,Wolves,West Ham United,15,113,7,4147314,https://www.365scores.com/es/football/match/premier-league-7/wolves-west-ham-united-15-113-7#id=4147314
30,Fecha,2025-04-01,14:00,Nottingham Forest,Manchester United,29,105,7,4147313,https://www.365scores.com/es/football/match/premier-league-7/nottingham-forest-manchester-united-29-105-7#id=4147313
30,Fecha,2025-04-02,13:45,Bournemouth,Ipswich,50,9,7,4147310,https://www.365scores.com/es/football/match/premier-league-7/bournemouth-ipswich-50-9-7#id=4147310
30,Fecha,2025-04-02,13:45,Brighton,Aston Villa,38,109,7,4147312,https://www.365scores.com/es/football/match/premier-league-7/brighton-aston-villa-38-109-7#id=4147312
30,Fecha,2025-04-02,13:45,Manchester City,Leicester City,110,22,7,4147316,https://www.365scores.com/es/football/match/premier-league-7/manchester-city-leicester-city-110-22-7#id=4147316
30,Fecha,2025-04-02,13:45,Newcastle United,Brentford,116,63,7,4147317,https://www.365scores.com/es/football/match/premier-league-7/newcastle-united-brentford-116-63-7#id=4147317
30,Fecha,2025-04-02,13:45,Southampton,Crystal Palace,21,10,7,4147318,https://www.365scores.com/es/football/match/premier-league-7/southampton-crystal-palace-21-10-7#id=4147318
30,Fecha,2025-04-02,14:00,Liverpool,Everton,108,107,7,4147319,https://www.365scores.com/es/football/match/premier-league-7/liverpool-everton-108-107-7#id=4147319
30,Fecha,2025-04-03,14:00,Chelsea,Tottenham,106,114,7,4147315,https://www.365scores.com/es/football/match/premier-league-7/chelsea-tottenham-106-114-7#id=4147315
31,Fecha,2025-04-05,06:30,Everton,Arsenal,107,104,7,4147323,https://www.365scores.com/es/football/match/premier-league-7/everton-arsenal-107-104-7#id=4147323
31,Fecha,2025-04-05,09:00,Crystal Palace,Brighton,10,38,7,4147322,https://www.365scores.com/es/football/match/premier-league-7/crystal-palace-brighton-10-38-7#id=4147322
31,Fecha,2025-04-05,09:00,Ipswich,Wolves,9,15,7,4147326,https://www.365scores.com/es/football/match/premier-league-7/ipswich-wolves-9-15-7#id=4147326
31,Fecha,2025-04-05,09:00,West Ham United,Bournemouth,113,50,7,4147329,https://www.365scores.com/es/football/match/premier-league-7/west-ham-united-bournemouth-113-50-7#id=4147329
31,Fecha,2025-04-05,11:30,Aston Villa,Nottingham Forest,109,29,7,4147320,https://www.365scores.com/es/football/match/premier-league-7/aston-villa-nottingham-forest-109-29-7#id=4147320
31,Fecha,2025-04-06,08:00,Brentford,Chelsea,63,106,7,4147321,https://www.365scores.com/es/football/match/premier-league-7/brentford-chelsea-63-106-7#id=4147321
31,Fecha,2025-04-06,08:00,Fulham,Liverpool,120,108,7,4147324,https://www.365scores.com/es/football/match/premier-league-7/fulham-liverpool-120-108-7#id=4147324
31,Fecha,2025-04-06,08:00,Tottenham,Southampton,114,21,7,4147328,https://www.365scores.com/es/football/match/premier-league-7/tottenham-southampton-114-21-7#id=4147328
31,Fecha,2025-04-06,10:30,Manchester United,Manchester City,105,110,7,4147327,https://www.365scores.com/es/football/match/premier-league-7/manchester-united-manchester-city-105-110-7#id=4147327
31,Fecha,2025-04-07,14:00,Leicester City,Newcastle United,22,116,7,4147325,https://www.365scores.com/es/football/match/premier-league-7/leicester-city-newcastle-united-22-116-7#id=4147325
32,Fecha,2025-04-12,06:30,Manchester City,Crystal Palace,110,10,7,4147335,https://www.365scores.com/es/football/match/premier-league-7/manchester-city-crystal-palace-110-10-7#id=4147335
32,Fecha,2025-04-12,09:00,Brighton,Leicester City,38,22,7,4147332,https://www.365scores.com/es/football/match/premier-league-7/brighton-leicester-city-38-22-7#id=4147332
32,Fecha,2025-04-12,09:00,Southampton,Aston Villa,21,109,7,4147337,https://www.365scores.com/es/football/match/premier-league-7/southampton-aston-villa-21-109-7#id=4147337
32,Fecha,2025-04-12,09:00,Nottingham Forest,Everton,29,107,7,4147338,https://www.365scores.com/es/football/match/premier-league-7/nottingham-forest-everton-29-107-7#id=4147338
32,Fecha,2025-04-12,11:30,Arsenal,Brentford,104,63,7,4147331,https://www.365scores.com/es/football/match/premier-league-7/arsenal-brentford-104-63-7#id=4147331
32,Fecha,2025-04-13,08:00,Chelsea,Ipswich,106,9,7,4147333,https://www.365scores.com/es/football/match/premier-league-7/chelsea-ipswich-106-9-7#id=4147333
32,Fecha,2025-04-13,08:00,Liverpool,West Ham United,108,113,7,4147334,https://www.365scores.com/es/football/match/premier-league-7/liverpool-west-ham-united-108-113-7#id=4147334
32,Fecha,2025-04-13,08:00,Wolves,Tottenham,15,114,7,4147339,https://www.365scores.com/es/football/match/premier-league-7/wolves-tottenham-15-114-7#id=4147339
32,Fecha,2025-04-13,10:30,Newcastle United,Manchester United,116,105,7,4147336,https://www.365scores.com/es/football/match/premier-league-7/newcastle-united-manchester-united-116-105-7#id=4147336
32,Fecha,2025-04-14,14:00,Bournemouth,Fulham,50,120,7,4147330,https://www.365scores.com/es/football/match/premier-league-7/bournemouth-fulham-50-120-7#id=4147330
33,Fecha,2025-04-19,09:00,Brentford,Brighton,63,38,7,4147341,https://www.365scores.com/es/football/match/premier-league-7/brentford-brighton-63-38-7#id=4147341
33,Fecha,2025-04-19,09:00,Crystal Palace,Bournemouth,10,50,7,4147342,https://www.365scores.com/es/football/match/premier-league-7/crystal-palace-bournemouth-10-50-7#id=4147342
33,Fecha,2025-04-19,09:00,Everton,Manchester City,107,110,7,4147344,https://www.365scores.com/es/football/match/premier-league-7/everton-manchester-city-107-110-7#id=4147344
33,Fecha,2025-04-19,09:00,West Ham United,Southampton,113,21,7,4147347,https://www.365scores.com/es/football/match/premier-league-7/west-ham-united-southampton-113-21-7#id=4147347
33,Fecha,2025-04-19,11:30,Aston Villa,Newcastle United,109,116,7,4147340,https://www.365scores.com/es/football/match/premier-league-7/aston-villa-newcastle-united-109-116-7#id=4147340
33,Fecha,2025-04-20,08:00,Fulham,Chelsea,120,106,7,4147343,https://www.365scores.com/es/football/match/premier-league-7/fulham-chelsea-120-106-7#id=4147343
33,Fecha,2025-04-20,08:00,Ipswich,Arsenal,9,104,7,4147345,https://www.365scores.com/es/football/match/premier-league-7/ipswich-arsenal-9-104-7#id=4147345
33,Fecha,2025-04-20,08:00,Manchester United,Wolves,105,15,7,4147348,https://www.365scores.com/es/football/match/premier-league-7/manchester-united-wolves-105-15-7#id=4147348
33,Fecha,2025-04-20,10:30,Leicester City,Liverpool,22,108,7,4147346,https://www.365scores.com/es/football/match/premier-league-7/leicester-city-liverpool-22-108-7#id=4147346
33,Fecha,2025-04-21,14:00,Tottenham,Nottingham Forest,114,29,7,4147349,https://www.365scores.com/es/football/match/premier-league-7/tottenham-nottingham-forest-114-29-7#id=4147349
34,Fecha,2025-04-22,14:00,Manchester City,Aston Villa,110,109,7,4147355,https://www.365scores.com/es/football/match/premier-league-7/manchester-city-aston-villa-110-109-7#id=4147355
34,Fecha,2025-04-23,14:00,Arsenal,Crystal Palace,104,10,7,4147351,https://www.365scores.com/es/football/match/premier-league-7/arsenal-crystal-palace-104-10-7#id=4147351
34,Fecha,2025-04-26,06:30,Chelsea,Everton,106,107,7,4147354,https://www.365scores.com/es/football/match/premier-league-7/chelsea-everton-106-107-7#id=4147354
34,Fecha,2025-04-26,09:00,Brighton,West Ham United,38,113,7,4147352,https://www.365scores.com/es/football/match/premier-league-7/brighton-west-ham-united-38-113-7#id=4147352
34,Fecha,2025-04-26,09:00,Newcastle United,Ipswich,116,9,7,4147356,https://www.365scores.com/es/football/match/premier-league-7/newcastle-united-ipswich-116-9-7#id=4147356
34,Fecha,2025-04-26,09:00,Wolves,Leicester City,15,22,7,4147358,https://www.365scores.com/es/football/match/premier-league-7/wolves-leicester-city-15-22-7#id=4147358
34,Fecha,2025-04-26,09:00,Southampton,Fulham,21,120,7,4147359,https://www.365scores.com/es/football/match/premier-league-7/southampton-fulham-21-120-7#id=4147359
34,Fecha,2025-04-27,08:00,Bournemouth,Manchester United,50,105,7,4147350,https://www.365scores.com/es/football/match/premier-league-7/bournemouth-manchester-united-50-105-7#id=4147350
34,Fecha,2025-04-27,10:30,Liverpool,Tottenham,108,114,7,4147353,https://www.365scores.com/es/football/match/premier-league-7/liverpool-tottenham-108-114-7#id=4147353
